,res,resnet_model,lr,cycle_T,weight_decay,batchsize,model_n,ACC,LogLoss,ACC_SPH_9,ACC_BH_n4_M8,ACC_BH_n2_M10,ACC_BH_n4_M10,ACC_BH_n6_M10,ACC_BH_n4_M12,Epochs,Training time,Time
0,50,ResNet18,0.0001,5,0.0,256,0,0.5968333333333333,0.9395339368155371,0.9196666666666666,0.7793333333333333,0.49633333333333335,0.23533333333333334,0.26366666666666666,0.8866666666666667,45.0,0:32:29.671560,15212082.874557912
1,50,ResNet18,0.0001,5,0.0,256,1,0.5856111111111111,0.9582585890140161,0.8856666666666667,0.8013333333333333,0.4676666666666667,0.38666666666666666,0.132,0.8403333333333334,28.0,0:20:03.652775,15213287.852476897
2,50,ResNet18,0.0001,5,0.0,256,2,0.5915555555555555,0.9368168719351094,0.8963333333333333,0.835,0.477,0.222,0.2796666666666667,0.8393333333333334,52.0,0:37:31.064361,15215540.212973556
3,50,ResNet18,0.0001,5,0.0,256,3,0.594,0.9367107241772592,0.935,0.804,0.43,0.08233333333333333,0.4513333333333333,0.8613333333333333,53.0,0:40:13.713191,15217955.215280645
4,50,ResNet18,0.0001,5,0.1,256,0,0.4041666666666667,1.5793201082419146,0.9606666666666667,0.828,0.214,0.083,0.23633333333333334,0.103,27.0,0:20:43.654276,15219200.171033716
5,50,ResNet18,0.0001,5,0.1,256,1,0.5549444444444445,1.0662230389547562,0.9116666666666666,0.6526666666666666,0.37533333333333335,0.11,0.38233333333333336,0.8976666666666666,25.0,0:19:10.648508,15220352.117584255
6,50,ResNet18,0.0001,5,0.1,256,2,0.5357222222222222,1.1472536329279306,0.8443333333333334,0.8843333333333333,0.25133333333333335,0.21266666666666667,0.24966666666666668,0.772,19.0,0:14:36.306156,15221229.724341411
7,50,ResNet18,0.0001,5,0.1,256,3,0.5183333333333333,1.1843793539221465,0.651,0.8446666666666667,0.5806666666666667,0.16966666666666666,0.21333333333333335,0.6506666666666666,32.0,0:24:33.677787,15222704.70208052
8,50,ResNet18,0.0001,50,0.0,256,0,0.5927222222222223,0.9463012413507819,0.9243333333333333,0.7926666666666666,0.49333333333333335,0.13233333333333333,0.3636666666666667,0.85,39.0,0:29:51.314201,15224497.318403715
9,50,ResNet18,0.0001,50,0.0,256,1,0.5970555555555556,0.9285066983792082,0.936,0.8086666666666666,0.45966666666666667,0.291,0.19466666666666665,0.8923333333333333,50.0,0:38:14.821493,15226793.44476666
10,50,ResNet18,0.0001,50,0.0,256,2,0.5959444444444445,0.9374037234022458,0.9166666666666666,0.806,0.44566666666666666,0.175,0.33366666666666667,0.8986666666666666,53.0,0:40:33.727839,15229228.479442572
11,50,ResNet18,0.0001,50,0.0,256,3,0.5880555555555556,0.961671886251298,0.9393333333333334,0.8266666666666667,0.42033333333333334,0.3416666666666667,0.166,0.8343333333333334,49.0,0:37:43.203707,15231492.987188082
12,50,ResNet18,0.0001,50,0.1,256,0,0.5257222222222222,1.1526824246878404,0.91,0.524,0.44233333333333336,0.162,0.16233333333333333,0.9536666666666667,30.0,0:23:10.337467,15232884.63143087
13,50,ResNet18,0.0001,50,0.1,256,1,0.48488888888888887,1.2355984270626446,0.9213333333333333,0.48533333333333334,0.7533333333333333,0.026333333333333334,0.204,0.519,29.0,0:22:22.252612,15234228.374923512
14,50,ResNet18,0.0001,50,0.1,256,2,0.4847222222222222,1.2593083498240076,0.6893333333333334,0.5166666666666667,0.518,0.166,0.043,0.9753333333333334,27.0,0:20:49.918962,15235479.604258155
15,50,ResNet18,0.0001,50,0.1,256,3,0.39716666666666667,1.6492647485783447,0.635,0.623,0.04566666666666667,0.008666666666666666,0.078,0.9926666666666667,24.0,0:17:54.072954,15236554.988449672
16,50,ResNet18,0.0001,500,0.0,256,0,0.5897222222222223,0.9764964143886058,0.9086666666666666,0.7446666666666667,0.44966666666666666,0.12633333333333333,0.34833333333333333,0.9606666666666667,54.0,0:40:41.723719,15238998.039593713
17,50,ResNet18,0.0001,500,0.0,256,1,0.5944444444444444,0.9445333537969463,0.8856666666666667,0.8323333333333334,0.37366666666666665,0.12933333333333333,0.455,0.8906666666666667,49.0,0:36:58.097601,15241217.635977995
18,50,ResNet18,0.0001,500,0.0,256,2,0.591,0.9517188066233587,0.9426666666666667,0.6856666666666666,0.413,0.28833333333333333,0.295,0.9213333333333333,59.0,0:44:32.301214,15243891.433024261
19,50,ResNet18,0.0001,500,0.0,256,3,0.5886666666666667,0.9557152335920756,0.8746666666666667,0.7553333333333333,0.3863333333333333,0.265,0.381,0.8696666666666667,46.0,0:34:41.496201,15245974.252382793
20,50,ResNet18,0.0001,500,0.1,256,0,0.45761111111111114,1.4536315948042693,0.8816666666666667,0.645,0.2856666666666667,0.411,0.32266666666666666,0.19966666666666666,18.0,0:13:33.468038,15246789.232969964
21,50,ResNet18,0.0001,500,0.1,256,1,0.484,1.285524374023452,0.946,0.843,0.2803333333333333,0.08333333333333333,0.2653333333333333,0.486,28.0,0:21:11.567516,15248062.122525584
22,50,ResNet18,0.0001,500,0.1,256,2,0.5466111111111112,1.0830029372533438,0.8223333333333334,0.8463333333333334,0.5846666666666667,0.017666666666666667,0.258,0.7506666666666667,26.0,0:19:38.754802,15249242.19407708
23,50,ResNet18,0.0001,500,0.1,256,3,0.5275555555555556,1.1467038191124876,0.8496666666666667,0.8703333333333333,0.24333333333333335,0.19733333333333333,0.41833333333333333,0.5863333333333334,25.0,0:18:53.993454,15250377.697708808
24,50,ResNet18,0.001,5,0.0,256,0,0.6032222222222222,0.9285608289550791,0.9446666666666667,0.7423333333333333,0.4776666666666667,0.2916666666666667,0.21533333333333332,0.9476666666666667,57.0,0:43:11.933209,15252970.947049828
25,50,ResNet18,0.001,5,0.0,256,1,0.605,0.9134116410617539,0.9243333333333333,0.769,0.5003333333333333,0.285,0.27666666666666667,0.8746666666666667,56.0,0:42:25.403096,15255517.865957009
26,50,ResNet18,0.001,5,0.0,256,2,0.5975555555555555,0.9251037015770797,0.9303333333333333,0.7476666666666667,0.4103333333333333,0.2906666666666667,0.315,0.8913333333333333,32.0,0:23:57.879672,15256957.250272619
27,50,ResNet18,0.001,5,0.0,256,3,0.5796111111111111,0.9872422938387825,0.8723333333333333,0.7496666666666667,0.23833333333333334,0.4523333333333333,0.227,0.938,26.0,0:19:19.742871,15258118.489081236
28,50,ResNet18,0.001,5,0.1,256,0,0.39066666666666666,1.548667640455924,0.829,0.34833333333333333,0.018,0.15566666666666668,0.0,0.993,26.0,0:19:21.397382,15259281.398188524
29,50,ResNet18,0.001,5,0.1,256,1,0.4815,1.2968301306691468,0.956,0.5036666666666667,0.11466666666666667,0.0,0.42233333333333334,0.8923333333333333,31.0,0:23:06.825938,15260669.738589073
30,50,ResNet18,0.001,5,0.1,256,2,0.30044444444444446,1.7303707251182479,0.08833333333333333,0.9756666666666667,0.015666666666666666,0.002,0.023333333333333334,0.6976666666666667,7.0,0:05:12.943749,15260983.999659535
31,50,ResNet18,0.001,5,0.1,256,3,0.41194444444444445,1.4605527916722048,0.9883333333333333,0.12,0.191,0.454,0.0,0.7183333333333334,9.0,0:06:39.423765,15261384.746070256
32,50,ResNet18,0.001,50,0.0,256,0,0.5986111111111111,0.9165610673492269,0.908,0.7953333333333333,0.42,0.407,0.17266666666666666,0.8886666666666667,34.0,0:25:19.472012,15262905.531746116
33,50,ResNet18,0.001,50,0.0,256,1,0.5865555555555556,0.9687390870541128,0.8806666666666667,0.8603333333333333,0.364,0.33666666666666667,0.295,0.7826666666666666,34.0,0:25:17.518413,15264424.540711557
34,50,ResNet18,0.001,50,0.0,256,2,0.5825,0.9742534903759917,0.891,0.879,0.30566666666666664,0.20666666666666667,0.362,0.8506666666666667,40.0,0:29:44.602754,15266210.45686696
35,50,ResNet18,0.001,50,0.0,256,3,0.5721666666666667,1.0145404416866965,0.8436666666666667,0.9016666666666666,0.22233333333333333,0.024,0.5423333333333333,0.899,23.0,0:16:48.262514,15267220.13153886
36,50,ResNet18,0.001,50,0.1,256,0,0.37094444444444447,1.6378853387063232,0.742,0.31633333333333336,0.026,0.14566666666666667,0.0,0.9956666666666667,30.0,0:21:59.072047,15268540.702920727
37,50,ResNet18,0.001,50,0.1,256,1,0.4517777777777778,1.3959022604168114,0.869,0.4076666666666667,0.081,0.7393333333333333,0.0,0.6136666666666667,9.0,0:06:32.889174,15268934.910996594
38,50,ResNet18,0.001,50,0.1,256,2,0.3438888888888889,1.5821342986122133,0.9986666666666667,0.145,0.025333333333333333,0.003,0.03133333333333333,0.86,8.0,0:05:51.201801,15269287.426223496
39,50,ResNet18,0.001,50,0.1,256,3,0.425,1.4312415387510422,0.6366666666666667,0.6006666666666667,0.014666666666666666,0.17733333333333334,0.13133333333333333,0.9893333333333333,17.0,0:12:25.353583,15270034.090424618
40,50,ResNet18,0.001,500,0.0,256,0,0.6002777777777778,0.9244206014531525,0.9206666666666666,0.8313333333333334,0.45566666666666666,0.169,0.286,0.939,40.0,0:29:17.879245,15271793.282251025
41,50,ResNet18,0.001,500,0.0,256,1,0.5869444444444445,0.9748292503411404,0.9636666666666667,0.6343333333333333,0.5063333333333333,0.06866666666666667,0.3943333333333333,0.9543333333333334,52.0,0:38:07.146807,15274081.754584951
42,50,ResNet18,0.001,500,0.0,256,2,0.5977777777777777,0.9356029070864552,0.9293333333333333,0.7776666666666666,0.4656666666666667,0.020666666666666667,0.5736666666666667,0.8196666666666667,40.0,0:29:20.265747,15275843.333394134
43,50,ResNet18,0.001,500,0.0,256,3,0.6019444444444444,0.9247631441724478,0.9176666666666666,0.828,0.38033333333333336,0.228,0.4106666666666667,0.847,42.0,0:30:37.661344,15277682.313809603
44,50,ResNet18,0.001,500,0.1,256,0,0.37816666666666665,1.6075142075337014,0.8306666666666667,0.635,0.226,0.0,0.5773333333333334,0.0,6.0,0:04:23.519528,15277947.145502629
45,50,ResNet18,0.001,500,0.1,256,1,0.4048333333333333,1.4538185372705799,0.4723333333333333,0.8443333333333334,0.009,0.0003333333333333333,0.7283333333333334,0.37466666666666665,26.0,0:18:58.139449,15279086.600918174
46,50,ResNet18,0.001,500,0.1,256,2,0.24683333333333332,2.1113444407359014,0.327,0.9943333333333333,0.004666666666666667,0.0013333333333333333,0.014666666666666666,0.139,18.0,0:13:08.201685,15279876.11289321
47,50,ResNet18,0.001,500,0.1,256,3,0.49394444444444446,1.2878770193783804,0.9333333333333333,0.715,0.08766666666666667,0.6493333333333333,0.0,0.5783333333333334,26.0,0:18:58.987422,15281016.413522936
