,res,resnet_model,lr,weight_decay,batchsize,model_n,ACC,LogLoss,ACC_SPH_9,ACC_BH_n4_M8,ACC_BH_n2_M10,ACC_BH_n4_M10,ACC_BH_n6_M10,ACC_BH_n4_M12,Epochs,Training time,Time
0,50,ResNet18,0.001,0.0,256,0,0.5856111111111111,0.9764006470738626,0.8596666666666667,0.7793333333333333,0.44633333333333336,0.202,0.45166666666666666,0.7746666666666666,55.0,0:20:04.867495,14508211.54144634
1,50,ResNet18,0.001,0.0,256,1,0.5865,0.9596571739306953,0.8996666666666666,0.821,0.43933333333333335,0.3233333333333333,0.21233333333333335,0.8233333333333334,18.0,0:05:35.948240,14508548.91871174
2,50,ResNet18,0.001,0.0,256,2,0.5878888888888889,0.966248696547599,0.8763333333333333,0.7666666666666667,0.3953333333333333,0.22033333333333333,0.32133333333333336,0.9473333333333334,25.0,0:09:41.339560,14509131.670284892
3,50,ResNet18,0.001,0.0,256,3,0.5942222222222222,0.9344455553499311,0.9496666666666667,0.7946666666666666,0.375,0.3283333333333333,0.25433333333333336,0.8633333333333333,24.0,0:09:27.681442,14509700.968612863
4,50,ResNet18,0.001,0.0,512,0,0.5679444444444445,1.0422528049893793,0.772,0.6916666666666667,0.5553333333333333,0.0,0.48833333333333334,0.9003333333333333,26.0,0:07:25.303369,14510147.888830949
5,50,ResNet18,0.001,0.0,512,1,0.5062222222222222,1.2524640586528073,0.888,0.918,0.27166666666666667,0.10966666666666666,0.39766666666666667,0.4523333333333333,28.0,0:08:42.655224,14510671.956887292
6,50,ResNet18,0.001,0.0,512,2,0.5825,0.9809145570768651,0.9316666666666666,0.8426666666666667,0.37766666666666665,0.05733333333333333,0.415,0.8706666666666667,17.0,0:06:00.167951,14511033.723907355
7,50,ResNet18,0.001,0.0,512,3,0.5953888888888889,0.9416092647599018,0.9236666666666666,0.7246666666666667,0.465,0.08266666666666667,0.443,0.9333333333333333,31.0,0:10:44.879305,14511680.20424378
8,50,ResNet18,0.001,0.0,1024,0,0.5943888888888889,0.938901292122796,0.9093333333333333,0.839,0.43633333333333335,0.161,0.41833333333333333,0.8023333333333333,43.0,0:11:32.650934,14512374.24870139
9,50,ResNet18,0.001,0.0,1024,1,0.5966111111111111,0.9279220172393456,0.9056666666666666,0.814,0.4266666666666667,0.31166666666666665,0.19833333333333333,0.9233333333333333,40.0,0:13:27.779467,14513183.639230533
10,50,ResNet18,0.001,0.0,1024,2,0.5806111111111111,1.013628156100717,0.856,0.8473333333333334,0.4066666666666667,0.13233333333333333,0.493,0.7483333333333333,48.0,0:14:04.292150,14514029.524715671
11,50,ResNet18,0.001,0.0,1024,3,0.5938333333333333,0.935675175229866,0.9336666666666666,0.787,0.4126666666666667,0.095,0.5063333333333333,0.8283333333333334,35.0,0:10:40.465020,14514671.424380368
12,50,ResNet18,0.001,0.5,256,0,0.16666666666666666,1.7917676936903888,0.0,1.0,0.0,0.0,0.0,0.0,12.0,0:04:44.069003,14514957.103073668
13,50,ResNet18,0.001,0.5,256,1,0.16666666666666666,1.7917642935320588,0.0,0.0,0.0,0.0,1.0,0.0,12.0,0:04:44.360551,14515243.073725509
14,50,ResNet18,0.001,0.5,256,2,0.16666666666666666,1.7917661759079924,0.0,1.0,0.0,0.0,0.0,0.0,12.0,0:04:38.350776,14515523.03616109
15,50,ResNet18,0.001,0.5,256,3,0.16666666666666666,1.7917659585695567,0.0,1.0,0.0,0.0,0.0,0.0,13.0,0:04:03.603978,14515768.033889808
16,50,ResNet18,0.001,0.5,512,0,0.3778888888888889,1.5881851053889768,0.7686666666666667,0.676,0.010666666666666666,0.0,0.07466666666666667,0.7373333333333333,12.0,0:03:20.459054,14515969.891059792
17,50,ResNet18,0.001,0.5,512,1,0.16666666666666666,1.7917610058462732,0.0,0.0,0.0,0.0,0.0,1.0,22.0,0:06:41.843787,14516373.1471007
18,50,ResNet18,0.001,0.5,512,2,0.16666666666666666,1.7917601389425384,0.0,1.0,0.0,0.0,0.0,0.0,17.0,0:06:01.927042,14516736.668629015
19,50,ResNet18,0.001,0.5,512,3,0.24488888888888888,1.718799632970215,0.9743333333333334,0.495,0.0,0.0,0.0,0.0,13.0,0:04:37.225997,14517015.491803024
20,50,ResNet18,0.001,0.5,1024,0,0.22633333333333333,1.7685821527012562,0.9903333333333333,0.36766666666666664,0.0,0.0,0.0,0.0,22.0,0:07:07.413996,14517444.50594097
21,50,ResNet18,0.001,0.5,1024,1,0.16966666666666666,2.136241500018072,0.018,0.0,0.0,0.0,0.0,1.0,17.0,0:04:32.693187,14517718.630506678
22,50,ResNet18,0.001,0.5,1024,2,0.23283333333333334,1.80385784857252,0.44966666666666666,0.9473333333333334,0.0,0.0,0.0,0.0,26.0,0:07:23.320133,14518163.363342736
23,50,ResNet18,0.001,0.5,1024,3,0.3313888888888889,1.5869745661702312,0.987,0.08933333333333333,0.395,0.043666666666666666,0.009333333333333334,0.464,15.0,0:05:04.828912,14518469.801479045
24,50,ResNet18,0.01,0.0,256,0,0.5698888888888889,1.0170440178682956,0.959,0.753,0.43533333333333335,0.207,0.33166666666666667,0.7333333333333333,27.0,0:10:39.613012,14519111.039646622
25,50,ResNet18,0.01,0.0,256,1,0.42833333333333334,1.567954103148343,0.6883333333333334,0.5633333333333334,0.116,0.002,0.20066666666666666,0.9996666666666667,30.0,0:09:47.562032,14519700.210259637
26,50,ResNet18,0.01,0.0,256,2,0.5488888888888889,1.0988401160218213,0.9613333333333334,0.7363333333333333,0.5803333333333334,0.056,0.383,0.5763333333333334,46.0,0:17:03.383645,14520725.011785496
27,50,ResNet18,0.01,0.0,256,3,0.5082222222222222,1.1919462313782307,0.776,0.8026666666666666,0.22133333333333333,0.014666666666666666,0.27066666666666667,0.964,19.0,0:07:24.827513,14521171.444615232
28,50,ResNet18,0.01,0.0,512,0,0.5443888888888889,1.0991748382188848,0.785,0.9273333333333333,0.23633333333333334,0.0023333333333333335,0.585,0.7303333333333333,42.0,0:11:48.677305,14521881.537115237
29,50,ResNet18,0.01,0.0,512,1,0.5304444444444445,1.1815629132431338,0.8053333333333333,0.5013333333333333,0.4676666666666667,0.30333333333333334,0.132,0.973,43.0,0:15:15.200390,14522798.329219533
30,50,ResNet18,0.01,0.0,512,2,0.5260555555555556,1.1923742412065321,0.899,0.6763333333333333,0.294,0.14733333333333334,0.14933333333333335,0.9903333333333333,28.0,0:08:49.118098,14523329.050935691
31,50,ResNet18,0.01,0.0,512,3,0.5562777777777778,1.0375529300130695,0.93,0.5353333333333333,0.5856666666666667,0.435,0.034666666666666665,0.817,39.0,0:11:46.556827,14524037.01628633
32,50,ResNet18,0.01,0.0,1024,0,0.4623333333333333,1.453428290871158,0.803,0.9456666666666667,0.221,0.16866666666666666,0.266,0.36966666666666664,32.0,0:10:48.306812,14524686.911573203
33,50,ResNet18,0.01,0.0,1024,1,0.5691111111111111,1.0293756037507302,0.9273333333333333,0.5806666666666667,0.5586666666666666,0.018666666666666668,0.49866666666666665,0.8306666666666667,37.0,0:10:45.488977,14525334.011876987
34,50,ResNet18,0.01,0.0,1024,2,0.5746111111111111,0.9878128498171742,0.8873333333333333,0.8913333333333333,0.2673333333333333,0.307,0.193,0.9016666666666666,27.0,0:07:56.200511,14525811.641454397
35,50,ResNet18,0.01,0.0,1024,3,0.5096111111111111,1.166273001349077,0.965,0.32266666666666666,0.616,0.07066666666666667,0.18266666666666667,0.9006666666666666,53.0,0:17:37.708210,14526870.959997036
36,50,ResNet18,0.01,0.5,256,0,0.16666666666666666,1.7918034246113372,1.0,0.0,0.0,0.0,0.0,0.0,12.0,0:03:45.865265,14527098.24084961
37,50,ResNet18,0.01,0.5,256,1,0.16666666666666666,1.7918340207161974,0.0,0.0,0.0,1.0,0.0,0.0,12.0,0:03:46.033974,14527325.686024042
38,50,ResNet18,0.01,0.5,256,2,0.16666666666666666,1.7918866337306592,0.0,0.0,1.0,0.0,0.0,0.0,36.0,0:13:26.684323,14528133.767938852
39,50,ResNet18,0.01,0.5,256,3,0.16666666666666666,1.7918608940095166,0.0,1.0,0.0,0.0,0.0,0.0,17.0,0:06:44.009062,14528539.387293551
40,50,ResNet18,0.01,0.5,512,0,0.16666666666666666,1.7918176552075653,0.0,0.0,1.0,0.0,0.0,0.0,12.0,0:04:01.031947,14528782.027930712
41,50,ResNet18,0.01,0.5,512,1,0.16666666666666666,1.791820975044866,0.0,0.0,0.0,1.0,0.0,0.0,12.0,0:03:22.046948,14528985.470868297
42,50,ResNet18,0.01,0.5,512,2,0.16666666666666666,1.7918008746416902,0.0,0.0,0.0,0.0,0.0,1.0,12.0,0:03:21.762852,14529188.64175784
43,50,ResNet18,0.01,0.5,512,3,0.16666666666666666,1.7918176331737776,1.0,0.0,0.0,0.0,0.0,0.0,12.0,0:03:22.034655,14529392.09748244
44,50,ResNet18,0.01,0.5,1024,0,0.16666666666666666,1.791834615493309,0.0,1.0,0.0,0.0,0.0,0.0,12.0,0:03:49.662581,14529623.169835968
45,50,ResNet18,0.01,0.5,1024,1,0.16666666666666666,1.791778540877328,0.0,0.0,0.0,0.0,1.0,0.0,13.0,0:04:23.415196,14529888.195452916
46,50,ResNet18,0.01,0.5,1024,2,0.16666666666666666,1.7917645030342684,0.0,0.0,1.0,0.0,0.0,0.0,12.0,0:04:02.975744,14530132.778719528
47,50,ResNet18,0.01,0.5,1024,3,0.16666666666666666,1.7917652335232226,0.0,0.0,0.0,1.0,0.0,0.0,12.0,0:04:03.494027,14530377.889834523
48,50,ResNet18,0.1,0.0,256,0,0.44283333333333336,1.648525839630635,0.9006666666666666,0.855,0.512,0.004,0.337,0.04833333333333333,47.0,0:15:35.490233,14531314.988336034
49,50,ResNet18,0.1,0.0,256,1,0.4181666666666667,1.7082598949422387,0.878,0.17766666666666667,0.3486666666666667,0.10633333333333334,0.004666666666666667,0.9936666666666667,51.0,0:19:50.843632,14532507.243669497
50,50,ResNet18,0.1,0.0,256,2,0.46605555555555556,1.5058540061414336,0.8083333333333333,0.33366666666666667,0.47,0.19533333333333333,0.005333333333333333,0.9836666666666667,29.0,0:09:06.332335,14533055.178062826
51,50,ResNet18,0.1,0.0,256,3,0.49622222222222223,1.231882544139054,0.5056666666666667,0.8113333333333334,0.25566666666666665,0.2846666666666667,0.15933333333333333,0.9606666666666667,21.0,0:07:45.787537,14533522.372804578
52,50,ResNet18,0.1,0.0,512,0,0.1665,1.7938761563187275,0.999,0.0,0.0,0.0,0.0,0.0,25.0,0:08:55.307033,14534059.296659432
53,50,ResNet18,0.1,0.0,512,1,0.5464444444444444,1.0921894193378445,0.833,0.5083333333333333,0.5193333333333333,0.05433333333333333,0.43366666666666664,0.93,33.0,0:10:23.240435,14534684.148162434
54,50,ResNet18,0.1,0.0,512,2,0.4472777777777778,1.4183955383852656,0.7833333333333333,0.9486666666666667,0.22433333333333333,0.060333333333333336,0.29033333333333333,0.37666666666666665,34.0,0:10:16.344693,14535301.903724639
55,50,ResNet18,0.1,0.0,512,3,0.16683333333333333,1.7965337748327597,0.9993333333333333,0.0,0.0,0.0,0.0016666666666666668,0.0,11.0,0:03:53.915516,14535537.417233372
56,50,ResNet18,0.1,0.0,1024,0,0.46105555555555555,1.4452117774105198,0.8363333333333334,0.579,0.112,0.12166666666666667,0.12633333333333333,0.991,27.0,0:09:06.890346,14536085.911172817
57,50,ResNet18,0.1,0.0,1024,1,0.16666666666666666,1.792397293455805,0.0,0.0,0.0,0.0,1.0,0.0,21.0,0:06:23.172942,14536470.698272845
58,50,ResNet18,0.1,0.0,1024,2,0.5320555555555555,1.140558655580105,0.939,0.7863333333333333,0.08433333333333333,0.06066666666666667,0.338,0.984,50.0,0:14:34.921170,14537347.052904196
59,50,ResNet18,0.1,0.0,1024,3,0.16666666666666666,1.7923873711184468,0.0,0.0,1.0,0.0,0.0,0.0,19.0,0:06:24.458283,14537733.108324695
60,50,ResNet18,0.1,0.5,256,0,0.16666666666666666,1.7918994206820151,1.0,0.0,0.0,0.0,0.0,0.0,35.0,0:12:41.386924,14538496.116904547
61,50,ResNet18,0.1,0.5,256,1,0.16666666666666666,1.79233043559617,0.0,0.0,0.0,0.0,1.0,0.0,36.0,0:12:19.028923,14539236.553193657
62,50,ResNet18,0.1,0.5,256,2,0.16666666666666666,1.7923649745026766,0.0,0.0,0.0,1.0,0.0,0.0,22.0,0:08:42.376894,14539760.553719502
63,50,ResNet18,0.1,0.5,256,3,0.16666666666666666,1.7920555453266662,0.0,0.0,0.0,1.0,0.0,0.0,23.0,0:08:25.220941,14540267.386864746
64,50,ResNet18,0.1,0.5,512,0,0.16666666666666666,1.791933299454137,0.0,0.0,0.0,0.0,0.0,1.0,12.0,0:03:22.296957,14540471.083978428
65,50,ResNet18,0.1,0.5,512,1,0.16666666666666666,1.7921390899607086,0.0,0.0,1.0,0.0,0.0,0.0,43.0,0:14:02.878160,14541315.355679829
66,50,ResNet18,0.1,0.5,512,2,0.16666666666666666,1.7927582856154707,0.0,0.0,0.0,0.0,0.0,1.0,12.0,0:04:16.600796,14541573.549638985
67,50,ResNet18,0.1,0.5,512,3,0.16666666666666666,1.7920171920148422,0.0,1.0,0.0,0.0,0.0,0.0,15.0,0:05:19.751256,14541894.902651656
68,50,ResNet18,0.1,0.5,1024,0,0.16666666666666666,1.791819380185925,0.0,0.0,0.0,0.0,0.0,1.0,11.0,0:03:13.745858,14542090.2609611
69,50,ResNet18,0.1,0.5,1024,1,0.16666666666666666,1.79256372769261,0.0,0.0,0.0,1.0,0.0,0.0,39.0,0:10:38.416467,14542730.117427604
70,50,ResNet18,0.1,0.5,1024,2,0.16666666666666666,1.7918209537017584,0.0,1.0,0.0,0.0,0.0,0.0,12.0,0:04:03.587197,14542975.319817359
71,50,ResNet18,0.1,0.5,1024,3,0.16666666666666666,1.7919831127575416,0.0,0.0,0.0,0.0,0.0,1.0,32.0,0:10:50.645529,14543627.572672488
72,50,Resnet34,0.001,0.0,256,0,0.6029444444444444,0.917457823176964,0.925,0.784,0.6066666666666667,0.010666666666666666,0.4023333333333333,0.889,38.0,0:14:36.745179,14544506.042709092
73,50,Resnet34,0.001,0.0,256,1,0.5953333333333334,0.9436026381055872,0.8503333333333334,0.8146666666666667,0.4013333333333333,0.008,0.6023333333333334,0.8953333333333333,32.0,0:13:52.979493,14545341.276982272
74,50,Resnet34,0.001,0.0,256,2,0.5755,1.0185371786153345,0.8236666666666667,0.8476666666666667,0.3526666666666667,0.2833333333333333,0.402,0.7436666666666667,58.0,0:23:05.078563,14546728.913055353
75,50,Resnet34,0.001,0.0,256,3,0.5884444444444444,0.9663114127775051,0.9363333333333334,0.7126666666666667,0.47333333333333333,0.077,0.359,0.9723333333333334,36.0,0:14:57.963827,14547629.419391112
76,50,Resnet34,0.001,0.0,512,0,0.5915555555555555,0.9285235689420782,0.9146666666666666,0.7956666666666666,0.21666666666666667,0.49366666666666664,0.26766666666666666,0.861,31.0,0:11:18.582366,14548310.231315777
77,50,Resnet34,0.001,0.0,512,1,0.5732222222222222,1.010773360102806,0.8093333333333333,0.7866666666666666,0.193,0.27266666666666667,0.4013333333333333,0.9763333333333334,46.0,0:15:52.217110,14549265.002688676
78,50,Resnet34,0.001,0.0,512,2,0.5840555555555556,0.9834442406580387,0.9393333333333334,0.712,0.383,0.023,0.47833333333333333,0.9686666666666667,47.0,0:16:54.421327,14550281.69630268
79,50,Resnet34,0.001,0.0,512,3,0.5912777777777778,0.9534072957717754,0.8943333333333333,0.8463333333333334,0.354,0.289,0.2853333333333333,0.8786666666666667,31.0,0:10:43.505322,14550927.76115588
80,50,Resnet34,0.001,0.0,1024,0,0.5516111111111112,1.0657509318199037,0.903,0.889,0.24,0.31966666666666665,0.19866666666666666,0.7593333333333333,21.0,0:06:07.590398,14551297.58910294
81,50,Resnet34,0.001,0.0,1024,1,0.5721111111111111,1.0044967206027184,0.8083333333333333,0.7286666666666667,0.37833333333333335,0.456,0.19166666666666668,0.8696666666666667,28.0,0:09:42.128660,14551882.002928464
82,50,Resnet34,0.001,0.0,1024,2,0.5478333333333333,1.0841564393459542,0.822,0.912,0.281,0.083,0.506,0.683,39.0,0:13:14.458421,14552679.048919946
83,50,Resnet34,0.001,0.0,1024,3,0.5805,1.0045391723568429,0.8776666666666667,0.6833333333333333,0.4083333333333333,0.12266666666666666,0.444,0.947,27.0,0:07:53.060651,14553154.38435562
84,50,Resnet34,0.001,0.5,256,0,0.16666666666666666,1.7917649613392268,0.0,1.0,0.0,0.0,0.0,0.0,17.0,0:07:26.703533,14553603.365110192
85,50,Resnet34,0.001,0.5,256,1,0.16666666666666666,1.7917623129443947,0.0,0.0,0.0,0.0,0.0,1.0,12.0,0:05:26.336474,14553932.256364323
86,50,Resnet34,0.001,0.5,256,2,0.16666666666666666,1.7917626916396188,0.0,1.0,0.0,0.0,0.0,0.0,14.0,0:05:16.638630,14554251.469110772
87,50,Resnet34,0.001,0.5,256,3,0.16666666666666666,1.7917638999066177,0.0,0.0,1.0,0.0,0.0,0.0,16.0,0:06:33.679924,14554647.412435759
88,50,Resnet34,0.001,0.5,512,0,0.23505555555555555,1.782789697904944,0.44166666666666665,0.0,0.9686666666666667,0.0,0.0,0.0,17.0,0:06:30.023092,14555039.980707858
89,50,Resnet34,0.001,0.5,512,1,0.16666666666666666,1.7917645849416242,0.0,0.0,0.0,1.0,0.0,0.0,22.0,0:08:20.413401,14555542.94446754
90,50,Resnet34,0.001,0.5,512,2,0.16666666666666666,1.7917644078473927,1.0,0.0,0.0,0.0,0.0,0.0,20.0,0:06:07.151284,14555912.329859912
91,50,Resnet34,0.001,0.5,512,3,0.19794444444444445,1.7769378309911217,0.19533333333333333,0.9923333333333333,0.0,0.0,0.0,0.0,14.0,0:04:18.496241,14556173.08480494
92,50,Resnet34,0.001,0.5,1024,0,0.2373888888888889,1.7789354622324778,0.481,0.943,0.0,0.0,0.0003333333333333333,0.0,13.0,0:04:36.256344,14556451.87250404
93,50,Resnet34,0.001,0.5,1024,1,0.25405555555555553,1.7333864880726038,0.036333333333333336,0.5336666666666666,0.0,0.0,0.13233333333333333,0.822,27.0,0:09:35.923172,14557030.379470656
94,50,Resnet34,0.001,0.5,1024,2,0.16677777777777777,4.232720451172536,1.0,0.0006666666666666666,0.0,0.0,0.0,0.0,20.0,0:06:42.930245,14557435.892457811
95,50,Resnet34,0.001,0.5,1024,3,0.16666666666666666,2.04786964669592,1.0,0.0,0.0,0.0,0.0,0.0,13.0,0:03:48.799912,14557666.952026792
96,50,Resnet34,0.01,0.0,256,0,0.45472222222222225,1.5968476596052803,0.9233333333333333,0.48333333333333334,0.26566666666666666,0.0,0.064,0.992,23.0,0:08:50.373596,14558199.601505764
97,50,Resnet34,0.01,0.0,256,1,0.5638333333333333,1.025863391328693,0.937,0.6213333333333333,0.5186666666666667,0.252,0.14533333333333334,0.9086666666666666,15.0,0:06:43.792360,14558605.9379562
98,50,Resnet34,0.01,0.0,256,2,0.5996111111111111,0.9245589294749412,0.8683333333333333,0.8346666666666667,0.4663333333333333,0.2643333333333333,0.2803333333333333,0.8836666666666667,49.0,0:19:29.097452,14559777.596300583
99,50,Resnet34,0.01,0.0,256,3,0.5225,1.2440223441513178,0.9376666666666666,0.7276666666666667,0.499,0.2853333333333333,0.281,0.4043333333333333,25.0,0:10:51.210386,14560431.048015645
100,50,Resnet34,0.01,0.0,512,0,0.5538888888888889,1.0637831510177234,0.9356666666666666,0.739,0.3983333333333333,0.15766666666666668,0.14466666666666667,0.948,22.0,0:07:26.894045,14560880.513346205
101,50,Resnet34,0.01,0.0,512,1,0.5813333333333334,0.9785001586885844,0.8716666666666667,0.697,0.5306666666666666,0.008,0.4603333333333333,0.9203333333333333,32.0,0:11:23.935134,14561566.680589203
102,50,Resnet34,0.01,0.0,512,2,0.5851111111111111,0.9589377246646501,0.8703333333333333,0.833,0.282,0.10733333333333334,0.5716666666666667,0.8463333333333334,37.0,0:13:20.530151,14562369.770871622
103,50,Resnet34,0.01,0.0,512,3,0.5494444444444444,1.1041237224378944,0.8513333333333334,0.8753333333333333,0.4186666666666667,0.447,0.07133333333333333,0.633,29.0,0:09:08.976072,14562921.00997634
104,50,Resnet34,0.01,0.0,1024,0,0.4923888888888889,1.2165569559559446,0.9843333333333333,0.25533333333333336,0.693,0.0013333333333333333,0.226,0.7943333333333333,35.0,0:12:23.311097,14563666.872456344
105,50,Resnet34,0.01,0.0,1024,1,0.5774444444444444,0.9797679507296283,0.9083333333333333,0.7373333333333333,0.652,0.11133333333333334,0.20233333333333334,0.8533333333333334,46.0,0:14:21.365628,14564530.81782618
106,50,Resnet34,0.01,0.0,1024,2,0.4851111111111111,1.2717021636857888,0.913,0.29033333333333333,0.458,0.13933333333333334,0.12566666666666668,0.9843333333333333,23.0,0:07:33.843603,14564986.951710932
107,50,Resnet34,0.01,0.0,1024,3,0.5255,1.2125663871147707,0.878,0.8656666666666667,0.5933333333333334,0.033666666666666664,0.31866666666666665,0.46366666666666667,39.0,0:13:50.144815,14565819.679027328
108,50,Resnet34,0.01,0.5,256,0,0.16666666666666666,1.7918431759782303,1.0,0.0,0.0,0.0,0.0,0.0,12.0,0:04:23.546254,14566085.642836075
109,50,Resnet34,0.01,0.5,256,1,0.16666666666666666,1.7918243861622554,0.0,0.0,0.0,1.0,0.0,0.0,12.0,0:04:21.806257,14566349.695683964
110,50,Resnet34,0.01,0.5,256,2,0.16666666666666666,1.791790439624194,0.0,0.0,0.0,0.0,1.0,0.0,20.0,0:08:17.762227,14566849.711923867
111,50,Resnet34,0.01,0.5,256,3,0.16666666666666666,1.7918394328143816,0.0,0.0,0.0,0.0,1.0,0.0,17.0,0:07:41.682148,14567313.947602976
112,50,Resnet34,0.01,0.5,512,0,0.16666666666666666,1.7918361484781122,0.0,0.0,0.0,0.0,0.0,1.0,13.0,0:03:59.689357,14567555.915031279
113,50,Resnet34,0.01,0.5,512,1,0.16666666666666666,1.7918210326566153,0.0,0.0,0.0,0.0,1.0,0.0,12.0,0:03:51.014979,14567789.168212345
114,50,Resnet34,0.01,0.5,512,2,0.16666666666666666,1.7917703279994637,0.0,0.0,0.0,1.0,0.0,0.0,16.0,0:06:06.974871,14568158.680854648
115,50,Resnet34,0.01,0.5,512,3,0.16666666666666666,1.7917845615259362,0.0,1.0,0.0,0.0,0.0,0.0,12.0,0:04:36.576423,14568437.817469807
116,50,Resnet34,0.01,0.5,1024,0,0.16666666666666666,1.7917751910499977,0.0,1.0,0.0,0.0,0.0,0.0,12.0,0:04:16.021607,14568696.392521502
117,50,Resnet34,0.01,0.5,1024,1,0.16666666666666666,1.7917877795484043,0.0,0.0,1.0,0.0,0.0,0.0,13.0,0:04:13.165156,14568952.14840721
118,50,Resnet34,0.01,0.5,1024,2,0.16666666666666666,1.7918010457626607,1.0,0.0,0.0,0.0,0.0,0.0,12.0,0:03:29.606932,14569164.045590082
119,50,Resnet34,0.01,0.5,1024,3,0.16666666666666666,1.7917674691347087,0.0,0.0,0.0,0.0,1.0,0.0,12.0,0:03:29.522703,14569375.844967227
120,50,Resnet34,0.1,0.0,256,0,0.48333333333333334,1.243930886404811,0.661,0.851,0.0,0.22766666666666666,0.30966666666666665,0.8506666666666667,20.0,0:08:29.137865,14569887.255299244
121,50,Resnet34,0.1,0.0,256,1,0.23483333333333334,4.717926040140234,0.11333333333333333,0.28833333333333333,0.0023333333333333335,0.0,0.005,1.0,36.0,0:15:27.376252,14570817.185852636
122,50,Resnet34,0.1,0.0,256,2,0.43616666666666665,1.4745762813738568,0.6846666666666666,0.9513333333333334,0.103,0.13966666666666666,0.4673333333333333,0.271,38.0,0:14:50.461518,14571709.886198724
123,50,Resnet34,0.1,0.0,256,3,0.49094444444444446,1.2864289845378951,0.7246666666666667,0.5896666666666667,0.43833333333333335,0.0,0.21833333333333332,0.9746666666666667,19.0,0:08:31.208456,14572223.649272615
124,50,Resnet34,0.1,0.0,512,0,0.4453888888888889,1.6544712242821125,0.922,0.20833333333333334,0.341,0.0,0.215,0.986,45.0,0:14:38.218173,14573104.422696115
125,50,Resnet34,0.1,0.0,512,1,0.48277777777777775,1.2816966881217564,0.718,0.9546666666666667,0.12966666666666668,0.29133333333333333,0.20733333333333334,0.5956666666666667,30.0,0:10:20.381707,14573727.051376715
126,50,Resnet34,0.1,0.0,512,2,0.47205555555555556,1.5381315448311812,0.7456666666666667,0.5833333333333334,0.21466666666666667,0.13266666666666665,0.16233333333333333,0.9936666666666667,55.0,0:19:07.686714,14574877.01721033
127,50,Resnet34,0.1,0.0,512,3,0.16655555555555557,1.7945920729396232,0.9993333333333333,0.0,0.0,0.0,0.0,0.0,31.0,0:10:35.017455,14575514.320164591
128,50,Resnet34,0.1,0.0,1024,0,0.3412222222222222,2.3654225389087618,0.785,0.0,0.16666666666666666,0.10066666666666667,0.007333333333333333,0.9876666666666667,51.0,0:16:37.893255,14576514.487020915
129,50,Resnet34,0.1,0.0,1024,1,0.32266666666666666,2.767548838120053,0.8093333333333333,0.06666666666666667,0.052,0.0023333333333333335,0.008,0.9976666666666667,52.0,0:17:03.653152,14577540.75076296
130,50,Resnet34,0.1,0.0,1024,2,0.5088888888888888,1.21944449336682,0.7033333333333334,0.8763333333333333,0.137,0.004333333333333333,0.7336666666666667,0.5986666666666667,35.0,0:11:21.892471,14578225.248425536
131,50,Resnet34,0.1,0.0,1024,3,0.16666666666666666,1.7945803140550274,1.0,0.0,0.0,0.0,0.0,0.0,13.0,0:04:21.134787,14578488.689959493
132,50,Resnet34,0.1,0.5,256,0,0.16666666666666666,1.7927428419004316,0.0,0.0,0.0,0.0,1.0,0.0,39.0,0:15:49.249775,14579440.247897713
133,50,Resnet34,0.1,0.5,256,1,0.16666666666666666,1.792055560062236,0.0,0.0,0.0,1.0,0.0,0.0,20.0,0:08:25.103146,14579947.614666848
134,50,Resnet34,0.1,0.5,256,2,0.16666666666666666,1.7929794018670238,0.0,0.0,0.0,1.0,0.0,0.0,33.0,0:13:33.591173,14580763.478025649
135,50,Resnet34,0.1,0.5,256,3,0.16666666666666666,1.7919496453828683,0.0,0.0,0.0,1.0,0.0,0.0,28.0,0:11:29.001505,14581455.045392066
136,50,Resnet34,0.1,0.5,512,0,0.16666666666666666,1.792034172481812,0.0,0.0,1.0,0.0,0.0,0.0,17.0,0:05:51.734842,14581809.046572056
137,50,Resnet34,0.1,0.5,512,1,0.16666666666666666,1.7920256831083758,0.0,0.0,0.0,0.0,1.0,0.0,19.0,0:06:36.954928,14582208.2645053
138,50,Resnet34,0.1,0.5,512,2,0.16666666666666666,1.7923761032319367,0.0,0.0,1.0,0.0,0.0,0.0,18.0,0:06:24.119763,14582594.956102334
139,50,Resnet34,0.1,0.5,512,3,0.16666666666666666,1.792310960613925,0.0,0.0,0.0,1.0,0.0,0.0,19.0,0:06:32.316939,14582989.844633063
140,50,Resnet34,0.1,0.5,1024,0,0.16666666666666666,1.7918688151645583,0.0,0.0,1.0,0.0,0.0,0.0,25.0,0:08:09.647892,14583481.76591173
141,50,Resnet34,0.1,0.5,1024,1,0.16666666666666666,1.791856557981149,0.0,1.0,0.0,0.0,0.0,0.0,26.0,0:08:23.391256,14583987.759821836
142,50,Resnet34,0.1,0.5,1024,2,0.16666666666666666,1.791799785407361,0.0,1.0,0.0,0.0,0.0,0.0,12.0,0:03:54.442856,14584224.797774369
143,50,Resnet34,0.1,0.5,1024,3,0.16666666666666666,1.7918159227565371,0.0,0.0,0.0,0.0,1.0,0.0,17.0,0:05:31.446064,14584558.541087104
